shannon,Treat,Paddock,Year
1.8946020989971892,Moderate,1,2023
2.0653420234697046,Rest,2,2023
1.0506652765928128,Heavy,3,2023
2.0679759122939765,Full,4,2023
2.1648590591072803,Moderate,5,2023
1.9330176059072897,Rest,6,2023
1.294545165844896,Heavy,7,2023
1.688840894721674,Full,8,2023
1.6252593012276193,Rest,9,2023
1.3014810683874343,Heavy,10,2023
0.9836002995230935,Full,11,2023
1.7674017161353737,Moderate,12,2023
1.6286198303328179,Rest,13,2023
1.661322839318102,Heavy,14,2023
1.561456453430287,Full,15,2023
1.812142810358472,Moderate,16,2023
